IMPORTANT NOTE: SHEET IS PROTOCTED AND WILL GIVE A WARNING BEFORE EDITS CAN BE MADE. PLEASE TAKE CARE NOT TO MAKE UNINTENDED CHANGES.											
To be completed by wet lab team							To be completed by bioinformatics team				
Date requested	Requestor	Set name (for title of report)	Experiment type	Libraries to include	Notes	URL 	SetID	Bioinformatian	Date report generated	version	Comment
2017-08-15	JYH	Joseph Gleeson	ATAC-seq	JYH_58, JYH_59, JYH_60,JYH_61, JYH_62, JYH_63, JYH_64, JYH_65, JYH_66, JYH_67,  JYH_68,  JYH_69 , JYH_70		http://epigenomics.sdsc.edu:8088/Set_1/a70a70484615da6dcebdf7f850caed65//setQC_report.html	Set_1	ZC	2017-12-13 13:05:15	bbe85e4	
2017-08-15	JYH	Burgoyne_1_REN	ATAC-seq	JYH_48, JYH_49, JYH_50, JYH_51, JYH_52, JYH_53, JYH_54, JYH_55, JYH_56, JYH_57		http://epigenomics.sdsc.edu:8088/Set_2/da896b95889f77a5684c06053d15e329//setQC_report.html	Set_2	ZC	2017-12-13 13:29:37	bbe85e4	
2017-08-15	JYH	Burgoyne_1_IGM	ATAC-seq	JYH_48_2, JYH_49_2, JYH_50_2, JYH_51_2, JYH_52_2, JYH_53_2, JYH_54_2, JYH_55_2, JYH_56_2, JYH_57_2		http://epigenomics.sdsc.edu:8088/Set_3/fc4c9eddb168edda245d2ba25b7b4782//setQC_report.html	Set_3	ZC	2017-12-13 13:37:44	bbe85e4	
2017-08-18	JYH	Maike Sander	ATAC-seq	JYH_71-80		http://epigenomics.sdsc.edu:8088/Set_4/ebe7f809461a4fc657c9083140858a2d//setQC_report.html	Set_4	ZC	2017-12-13 13:42:15	bbe85e4	
2017-08-15	JYH	Burgoyne_1_fresh	ATAC-seq	JYH_42-47		http://epigenomics.sdsc.edu:8088/Set_5/417ff45cd8489bada509ea1498e3fc93//setQC_report.html	Set_5	ZC	2017-12-13 13:47:35	bbe85e4	
2017-07-05	JYH	Harismendy	ATAC-seq	JYH_21 22 23 24 25 26 27 28 29		http://epigenomics.sdsc.edu:8088/Set_6/444c3c66ad9959bacc9d6124728dda83//setQC_report.html	Set_6	ZC	2017-12-15 10:18:13	49a7340	nice quality!
2017-07-06	JYH	Kyle_1, Sander	ATAC-seq	JYH_16 17 18 19 20 71 72 73 74 75 76 77 78		http://epigenomics.sdsc.edu:8088/Set_7/1f2b2fb2637e5c1ac39099f38e72ca51//setQC_report.html	Set_7	ZC	2017-12-15 11:22:35	cb9f18b	
2017-09-15	JYH	control	ATAC-seq	JYH_115 116		http://epigenomics.sdsc.edu:8088/Set_8/2df6f772e76e894e58bbdc4bd83fefc4//setQC_report.html	Set_8	ZC	2017-12-15 13:50:21	e82d9b6	high quality even reads number is small; still ~500k peaks per lib; very little overlapping peaks
2017-09-15	JYH	Michael Karin	ATAC-seq	JYH_110 111 112 113 114		http://epigenomics.sdsc.edu:8088/Set_9/bebae725010641b4fc781e69c72a4343//setQC_report.html	Set_9	ZC	2017-12-13 13:58:10	bbe85e4	very low yield; contamination?
2017-05-31	JYH	Human eye_A	ATAC-seq	JYH_12 13		http://epigenomics.sdsc.edu:8088/Set_10/6e016dc3ed8d7890af5deda6b8d32d9b//setQC_report.html	Set_10	ZC	2017-12-13 12:20:50	bbe85e4	twin-eye
2017-09-15	JYH	Fred Gage	ATAC-seq	JYH_117 118 119		http://epigenomics.sdsc.edu:8088/Set_11/c321f124d3fb8fa334b1bd7f11fba839//setQC_report.html	Set_11	ZC	2017-12-13 12:23:06	bbe85e4	mitoch. reads resulted different yeilds
2017-09-15	JYH	Kyle_6_tn5test	ATAC-seq	JYH_103-109		http://epigenomics.sdsc.edu:8088/Set_12/178752190752181126d55e0091e43bcf//setQC_report.html	Set_12	ZC	2018-02-08 0:04:12	6fa53b6	very strong nucleosome pattern 
2017-10-26	JYH	Neil Chi_rep1	ATAC-seq	JYH_127-142		http://epigenomics.sdsc.edu:8088/Set_13/f1202a0987f25537b6cf57a7621d88c6//setQC_report.html	Set_13	ZC	2017-12-13 12:30:35	bbe85e4	D3_rep1 30% mouse contamination
2017-10-26	JYH	Neil Chi_rep2	ATAC-seq	JYH_143-158		http://epigenomics.sdsc.edu:8088/Set_14/def533d6c7086be1ffafe6eb9fc8a7a1//setQC_report.html	Set_14	ZC	2017-12-13 12:40:12	bbe85e4	
2017-12-04	JYH	Burgoyne_2	ATAC-seq	JYH_121-124,126		http://epigenomics.sdsc.edu:8088/Set_15/b067ca9ab178a8ba8c034de878d03081//setQC_report.html	Set_15	ZC	2017-12-13 12:49:19	bbe85e4	H7-DMSO-1 &2 SNAP have 40% no hits
2017-11-30	JYH	Pfizer	ATAC-seq	JYH_125,126,163,164		http://epigenomics.sdsc.edu:8088/Set_16/d140070086aa59ec8e79ef4ae5d2df89//setQC_report.html	Set_16	ZC	2017-12-13 12:52:47	bbe85e4	pfizer sample
2017-12-04	JYH	Neil chi_heart	ATAC-seq	JYH_159,160,164		http://epigenomics.sdsc.edu:8088/Set_17/c7ec77f5ca6303a550cd72b11098e9fd//setQC_report.html	Set_17	ZC	2017-12-13 12:55:11	bbe85e4	cannot control human to mouse in the report;
2017-12-01	JYH	Burgoyne_tissue	ATAC-seq	JYH_161,162,164		http://epigenomics.sdsc.edu:8088/Set_18/07faa3004b49325adbd8b5bb9c3472ae//setQC_report.html	Set_18	ZC	2018-02-08 0:12:11	6fa53b6	
2017-12-04	AVD	LCL Freeze	ATAC-seq	AVD_14, AVD_15, AVD_16, AVD_17		http://epigenomics.sdsc.edu:8088/Set_19/a8e6b1e7e6956ea3fe48b78c32ebf487//setQC_report.html	Set_19	ZC	2017-12-13 12:59:11	bbe85e4	
2017-12-04	AVD	Gaulton	ATAC-seq	AVD_18, AVD_19, AVD_20, AVD_21		http://epigenomics.sdsc.edu:8088/Set_20/8ed7c9e55fb7b5e0f67052bb01c5cdee//setQC_report.html	Set_20	ZC	2017-12-13 13:12:39	bbe85e4	
2017-12-04	AVD	Jax NesCre	ATAC-seq	AVD_22, AVD_23		http://epigenomics.sdsc.edu:8088/Set_21/ecd120a92851cd0bf2557881c288496c//setQC_report.html	Set_21	ZC	2017-12-13 13:16:04	bbe85e4	
2017-12-04	AVD	Karin	ATAC-seq	AVD_24-AVD_34		http://epigenomics.sdsc.edu:8088/Set_22/572bdf3d44d7dd7dbce8f74207a843d0//setQC_report.html	Set_22	ZC	2017-12-13 13:18:16	bbe85e4	AVD_34 (human) is not included
2017-12-04	JYH	Cohen	ATAC-seq	XW_27, XW_28, JYH_120_2, XW_29, JYH_164		http://epigenomics.sdsc.edu:8088/Set_23/20ec044938169b4abf4a0fbdb59ed319//setQC_report.html	Set_23	ZC	2017-12-13 13:22:33	bbe85e4	except control - poor atacseq signal
2017-12-05	JYH	Gleeson_resubmission	ATAC-seq	JYH_59_2, 60_2, 61_2, 62_2, 63_2, 64_2, 65_2, 66_2, 68_2, 69_2		http://epigenomics.sdsc.edu:8088/Set_27/4835b28e924935b670ce85944ef5ba28//setQC_report.html	Set_27	ZC	2017-12-15 14:26:52	4d1e3f2	
2017-12-06	AVD	LCL Freeze_2	ATAC-seq	AVD_15, AVD_16, AVD_14, AVD_34, AVD_38, AVD_52, AVD_17, JYH_142, JYH_158, JYH_164	all human; use sample ID from tracking sheet rather than "label" for naming in QC report given that this is a test to look at reproducibility across all ATAC controls	http://epigenomics.sdsc.edu:8088/Set_28/4d96364d59e12e8c82fd953e67a5ca81//setQC_report.html	Set_28	ZC	2017-12-20 22:36:05	af3f038	many controls. consider seperate those controls to annother setQC
2017-12-08	DUG	Neil_previous_CM_ATAC	ATAC-seq	SP245,SP246,SP247,SP248,SP249,SP268,SP269,SP270,SP271,SP275,SP280,SP281,SP282,SP283,SP284,SP285 (lines 291-306 in mSeqTS)	Abnormal case. Data from Ren lab. Please process the same as set 13 & 14. Please see for fastq locations on Ren Lab Servers: https://docs.google.com/spreadsheets/d/1M_r81feJa9mTEDZL37XE4KJPO9H-soXCKmYfLbUE5AQ/edit?usp=sharing.	http://epigenomics.sdsc.edu:8088/Set_29/730f62022ff9973f35ae3da2c2ba214d//setQC_report.html	Set_29	ZC	2017-12-22 11:11:02	af3f038	
2017-12-08	DUG	Sora_quick_check	ATAC-seq	EC1-9 (lines 282-290 in mSeqTS)	Frank, this is one more "abnormal" case where I only want to check mapping statistics. This is 9 ChIP-seq datasets. There are 9 samples (EC1-9). The fastqs are on the Ren Lab Severs here: /mnt/silencer2/home/sochee/public_html/ENCODE/smallintestine1/* 	http://epigenomics.sdsc.edu:8088/Set_30/064a255693c12b71b72797e25dc0ab18//setQC_report.html	Set_30	ZC	2017-12-20 22:30:18	af3f038	
2017-12-08	XW	Osephagal cancer	ATAC-seq	XW_30, XW_31		http://epigenomics.sdsc.edu:8088/Set_31/17cfe8437f3a773a82a560bb0b6593f7//setQC_report.html	Set_31	ZC	2017-12-13 13:34:45	bbe85e4	
2017-12-13	AVD	Gage Lab - Parkinson's IPSCS-derived Astrocytes ATAC-seq	ATAC-seq	AVD_42 - AVD_51	human	http://epigenomics.sdsc.edu:8088/Set_32/272c67a4519826aa74b1c6ce188fd2a0//setQC_report.html	Set_32	ZC	2017-12-23 10:14:10	00cd89f	impressive low chrM frac in raw bam;double checked the value
2017-12-13	AVD	RIch Lab - 387 sh-alkbh1 KD Cells ATAC-seq	ATAC-seq	AVD_37, AVD_38, AVD_35_1_2, AVD_36_1_2	Updated	http://epigenomics.sdsc.edu:8088/Set_33/b9fa4a39495cd35610a844331bfdd781//setQC_report.html	Set_33	ZC	2018-02-14 13:31:47	0cc3275	
2017-12-15	Other (please explain in notes)	snATAC qc	ATAC-seq	JYH_165,JYH_166	filled by Frank	http://epigenomics.sdsc.edu:8088/Set_34/32c8d71b7081efba8fcf210968d95450//setQC_report.html	Set_34	ZC	2018-01-05 10:42:32	a3e7d3f	
2018-01-04	Other (please explain in notes)	nextseq_Robert	ATAC-seq	RMM_7-11	Frank	http://epigenomics.sdsc.edu:8088/Set_35/2fc0a91f919968aa4b54293f5858a08d//setQC_report.html	Set_35	ZC	2018-01-05 14:39:01	7a7117f	looks nice! congs Rob for first ATAC! 
2018-01-04	JYH	Francesca	ATAC-seq	JYH_182-188	Rat	http://epigenomics.sdsc.edu:8088/Set_36/f97e397d0d77407c82e7002c79e4b019//setQC_report.html	Set_36	ZC	2018-01-11 16:35:49	91fe812	
2018-01-04	JYH	Next vs IGM	ATAC-seq	JYH_121, JYH_122, JYH_121_2, JYH_122_2	Same samples from Nextseq and IGM	http://epigenomics.sdsc.edu:8088/Set_37/d8c4112b980e15d51e17ab26ada390d3//setQC_report.html	Set_37	ZC	2018-01-05 17:29:51	5e5897c	PCA- merged by depth
2018-01-04	JYH	Centrifuge	ATAC-seq	JYH_188, JYH_189		http://epigenomics.sdsc.edu:8088/Set_38/bc59162ea9bfbd0cdb611033b1421916//setQC_report.html	Set_38	ZC	2018-01-06 12:40:38	5e5897c	
2018-01-04	AVD	GBM ATAC-seq	ATAC-seq	AVD_39, AVD_40, AVD_53-AVD_68	39 and 40 run on NextSeq, 53-68 run at LICR	http://epigenomics.sdsc.edu:8088/Set_39/b4aa7fc887bb61325b66324eddfc25d9//setQC_report.html	Set_39	ZC	2018-01-06 21:35:13	5e5897c	
2018-01-11	JYH	Liver	ATAC-seq	JYH_210-222		http://epigenomics.sdsc.edu:8088/Set_40/05b95d66460b724bcb10f9e341218106//setQC_report.html	Set_40	ZC	2018-01-15 14:23:43	91fe812	
2018-01-11	JYH	GBM 	ATAC-seq	JYH_223-233		http://epigenomics.sdsc.edu:8088/Set_41/2518dab965be5aeee93a0100b94f15bf//setQC_report.html	Set_41	ZC	2018-01-15 14:36:23	91fe812	
2018-01-11	RM	Next Seq_RM_Tn5	ATAC-seq	RMM_1-6		http://epigenomics.sdsc.edu:8088/Set_42/33448fa867ba0976a80cc3fc1d6f401a//setQC_report.html	Set_42	ZC	2018-01-12 16:46:37	91fe812	
2018-01-18	JYH	GBM[2]	ATAC-seq	JYH_223_2 - 232_2	sequencing again	http://epigenomics.sdsc.edu:8088/Set_43/f39dab58c4ac3b0bca4141cc29bf5aa4//setQC_report.html	Set_43	ZC	2018-01-24 9:17:59	91fe812	;consistent tss enrich,mito frac with set_41
2018-01-18	JYH	Neil Chi rep1	ATAC-seq	JYH_127_2 - 141_2	sequencing again	http://epigenomics.sdsc.edu:8088/Set_44/e5e83481a804c4c25f28f99db234ea45//setQC_report.html	Set_44	ZC	2018-02-09 10:06:24	d832d21	
2018-01-18	JYH	Neil Chi rep2	ATAC-seq	JYH_143_2 - 157_2	sequencing again	http://epigenomics.sdsc.edu:8088/Set_45/b340a929b8cc44413924d534cad62541//setQC_report.html	Set_45	ZC	2018-02-08 12:30:42	d832d21	generating pileup tracks for the libs which was processed previoulsy
2018-01-23	JYH	Francesca	ATAC-seq	JYH_183_184, JYH_186_187, JYH_183_184_186_187	Data combine	http://epigenomics.sdsc.edu:8088/Set_46/78568226b30f0fd269a785e30b5ab560//setQC_report.html	Set_46	ZC	2018-01-24 21:38:34	91fe812	
2018-01-25	AVD	ChIP-seq QC1	ATAC-seq	AVD_73, AVD_74, AVD_75, AVD_76		http://epigenomics.sdsc.edu:8088/Set_47/fcb404d0162c5d37a2714266a1442add//setQC_report.html	Set_47	ZC	2018-01-31 9:40:48	91fe812	
2018-01-29	JYH	pfizer	ATAC-seq	JYH_234 - 246	one missing	http://epigenomics.sdsc.edu:8088/Set_48/3716fe7c383c2537075d049020b66218//setQC_report.html	Set_48	ZC	2018-02-08 12:06:29	d832d21	lack JYH_241
2018-01-29	JYH	Fresh islet	ATAC-seq	JYH_247 - 256	one missing	http://epigenomics.sdsc.edu:8088/Set_49/d7a453fecdd00854d4c25110a3e7dccc//setQC_report.html	Set_49	ZC	2018-02-08 12:44:24	d832d21	lack JYH_251
2/5/18	DUG	DG_SRC_ChIP-seq_misc	ATAC-seq	SRC_1567-1575	ChIP-seq data (ATAC pipeline OK) - files on tscc	http://epigenomics.sdsc.edu:8088/Set_50/dfc2a7f530d329949ddb0af8e1ba3d60//setQC_report.html	Set_50	ZC	2018-02-06 9:19:30	0ac201f	
2018-02-07	Other (please explain in notes)	GBM_JYH_merge	ATAC-seq	JYH_223_1_2 -JYH_232_1_2	Frank	http://epigenomics.sdsc.edu:8088/Set_52/e4b0c8db72e43f3344c1efe871cd68ec//setQC_report.html	Set_52	ZC	2018-02-08 10:19:17	13217ec	
2018-02-09	AVD	Pfizer ChIP-seq	ATAC-seq	AVD_77 - AVD_83, AVD_85	ChIP-seq data - NextSeq run 2/8/18	http://epigenomics.sdsc.edu:8088/Set_53/4c8550432ddd8a43570607ccbddb4624//setQC_report.html	Set_53	ZC	2018-02-15 13:02:44	0cc3275	temprarily lacking AVD_80
2018-02-12	JYH	islet	ATAC-seq	JYH_247 - 250, JYH-251_2, JYH_252 - 256, JYH_257 - 266	All samples	http://epigenomics.sdsc.edu:8088/Set_54/8d69fb5dfa8834733437b12a299597d3//setQC_report.html	Set_54	ZC	2018-02-13 15:21:17	0cc3275	
2018-02-14	JYH	Neil Chi_rep1_merge	ATAC-seq	JYH_127_1_2 - 141_1_2	Data merge	http://epigenomics.sdsc.edu:8088/Set_55/3e27a75347da8fcdf42e435f26e6e514//setQC_report.html	Set_55	ZC	2018-02-20 15:03:27	d792cae	
2018-02-14	JYH	Neil Chi_rep2_merge	ATAC-seq	JYH_143_1_2 - 157_1_2	Data merge	http://epigenomics.sdsc.edu:8088/Set_56/1727d266d348b35184fc81b59422bdc5//setQC_report.html	Set_56	ZC	2018-02-21 7:57:00	d792cae	
2018-02-14	AVD	Jax Mnx1 GFP- Sorting Efficiency	ATAC-seq	JYH_269 - JYH_271, AVD_86	High priority 2	http://epigenomics.sdsc.edu:8088/Set_57/54a97c457a590d1b145c1c78235fe6c9//setQC_report.html	Set_57	ZC	2018-02-16 22:13:32	d792cae	
2018-02-14	AVD	Jax ATAC 	ATAC-seq	JYH_269 - JYH_271, AVD_86, AVD_22, AVD_23	Combined QC report with all Jax ATAC	http://epigenomics.sdsc.edu:8088/Set_58/fc8f941f66110ab78d972222c8c32328//setQC_report.html	Set_58	ZC	2018-02-16 22:19:53	d792cae	
2018-02-14	JYH	Pfizer SOW 4/5	ATAC-seq	JYH_272 - 282	High priority	http://epigenomics.sdsc.edu:8088/Set_59/fd04e794889f628274d177dc903160e1//setQC_report.html	Set_59	ZC	2018-02-16 21:59:04	d792cae	
2018-02-14	JYH	Biomek_6th	ATAC-seq	JYH_286, 287		http://epigenomics.sdsc.edu:8088/Set_60/16918a2abf46ddcf03fb5610e783cab1//setQC_report.html	Set_60	ZC	2018-02-16 15:41:01	d792cae	
2018-02-14	JYH	Neil Chi_Gx	ATAC-seq	JYH_283, 284	High priority 3	http://epigenomics.sdsc.edu:8088/Set_61/102587da51b184a12550b46b6e6f8a11//setQC_report.html	Set_61	ZC	2018-02-16 15:25:57	d792cae	
2018-02-15	RM	Tissue Homogenization Quality Test	ATAC-seq	RMM_12-16		http://epigenomics.sdsc.edu:8088/Set_62/09314adafee1b7cd442500e07309ffc7//setQC_report.html	Set_62	ZC	2018-02-16 22:27:49	d792cae	
2018-02-16	RM	Tn5 Titration_K562	ATAC-seq	RMM_17-21		http://epigenomics.sdsc.edu:8088/Set_63/d08803186654855e8d3fc54d21633862//setQC_report.html	Set_63	ZC	2018-02-16 22:24:27	d792cae	
2018-02-16	AVD	Pfizer ChIP-seq (merged)	ATAC-seq	AVD_77_1_2,AVD_78 - AVD_79, AVD_83_1_2, AVD_85	ChIP-seq data - merged run1.2	http://epigenomics.sdsc.edu:8088/Set_64/2fdebc73dd21cf1a340324cd0f61aa1a//setQC_report.html	Set_64	ZC	2018-02-20 21:19:31	d792cae	
2018-02-20	DUG	Neil Chi_Gx - MOUSE	ATAC-seq	JYH_283_M, 284_M, 144_M, 144_2_M, 128_M, 128_2_M	Mapping to mouse	http://epigenomics.sdsc.edu:8088/Set_65/f9d56fd0e6da7f2591846d0c86f514dd//setQC_report.html	Set_65	ZC	2018-02-21 7:49:54	d792cae	
2018-02-23	DUG	Pfizer_ChIP-seq SOW2	ATAC-seq	AVD_77_1_2,AVD_78 - AVD_82, AVD_83_1_2, AVD_85	Same as set 64 but add AVD 80-82. By Monday afternoon if possible?	http://epigenomics.sdsc.edu:8088/Set_66/6060f4df9c4870b37cddc25802359b0d//setQC_report.html	Set_66	ZC	2018-02-23 14:40:55	d792cae	
2018-02-23	DUG	Sora_ChIP_input_test	ATAC-seq	SRC1609 - 1615		http://epigenomics.sdsc.edu:8088/Set_67/30f6052b40cbc0b7b0de3d572843af87//setQC_report.html	Set_67	ZC	2018-02-24 14:31:42	33f9957	
2018-02-26	DUG	Sora_ChIP_input_test_R1	ATAC-seq	SRC1609_R1 - 1615_R1		http://epigenomics.sdsc.edu:8088/Set_68/60506cd83567b6f5568b85740edfae08//setQC_report.html	Set_68	ZC	2018-02-27 9:00:43	871da29	
2018-02-27	DUG	Sora_ChIP_input_test_R2	ATAC-seq	SRC1609_R2 - 1615_R2		http://epigenomics.sdsc.edu:8088/Set_69/54aaa405e8a36446ed00b5f1033cba36//setQC_report.html	Set_69	ZC	2018-02-28 8:51:15	871da29	
2018-03-01	AVD	Pfizer C4-2 ChIP-seq	ChIP-seq	AVD_108 - AVD-111	*NextSeq run 2/28/18	http://epigenomics.sdsc.edu:8088/Set_70/0c2c4cfba49d4791398e056dce8a8a5f//setQC_report.html	Set_70	ZC	2018-03-02 11:26:14	871da29	
2018-03-02	DUG	Pfizer ChIP-seq full summary	ATAC-seq	AVD77_1_2, AVD 78, AVD_79, AVD_80, AVD_81, AVD_82, AVD_108, AVD_109, AVD_111	These are all previously run, just want on one summary QC report to pass along to pfizer	http://epigenomics.sdsc.edu:8088/Set_71/02026b34a60d30e27b0c8f26675e4162//setQC_report.html	Set_71	ZC	2018-03-05 9:52:08	871da29	
2018-03-05	Other (please explain in notes)	Sora_ChIP_input_test_diff_seqrun	ATAC-seq	SRC1613,SRC1613_2	Frank filled for Sora	http://epigenomics.sdsc.edu:8088/Set_72/d97411306a73c9323020ef6304f57fd8//setQC_report.html	Set_72	ZC	2018-03-05 22:25:37	555edcc	no more human; but same filtering fraction
2018-03-06	JYH	Pfizer SOW#3	ATAC-seq	JYH_234_2 - 245_2		http://epigenomics.sdsc.edu:8088/Set_73/4825ded81d6bd968bd92397647692f35//setQC_report.html	Set_73	ZC	2018-03-08 0:16:42	555edcc	high chrM frac
2018-03-06	JYH	Pfizer SOW#4/5	ATAC-seq	JYH_272_2 - 282_2		http://epigenomics.sdsc.edu:8088/Set_74/e46e14d06ec2b7462b0d59c8af49db38//setQC_report.html	Set_74	ZC	2018-03-08 8:52:14	555edcc	low chrM frac
2018-03-08	DUG	Pfizer SOW#3_combined	ATAC-seq	JYH_234_1_2 - 245_1_2		http://epigenomics.sdsc.edu:8088/Set_75/33420e326760f70c20fa04057bf868ac//setQC_report.html	Set_75	ZC	2018-03-14 14:36:26	555edcc	JYH_241 only has 2nd seq data
2018-03-08	DUG	Pfizer SOW#4/5_combined	ATAC-seq	JYH_272_1_2 - 282_1_2		http://epigenomics.sdsc.edu:8088/Set_76/231c0f3847bb0f2c90c101f8a83e9365//setQC_report.html	Set_76	ZC	2018-03-13 15:31:36	555edcc	
2018-03-14	JYH	Biomek_9th	ATAC-seq	JYH_304 - 311		http://epigenomics.sdsc.edu:8088/Set_77/6894dff2a6570c1163922b883bab337f//setQC_report.html	Set_77	ZC	2018-03-15 11:43:52	555edcc	
2018-03-14	JYH	Gleeson 	ATAC-seq	JYH_288 - 303		http://epigenomics.sdsc.edu:8088/Set_78/be81fad82b0c5b75b95f7c6e3293959b//setQC_report.html	Set_78	ZC	2018-03-15 11:58:54	555edcc	
2018-03-15	AVD	Input Testing_Varying DF	ATAC-seq	AVD_87 - AVD_93, AVD_112		http://epigenomics.sdsc.edu:8088/Set_79/5a6932da4641219b8dac91c4b94c5435//setQC_report.html	Set_79	ZC	2018-03-23 0:10:20	555edcc	
2018-03-16	AVD	Chi_Shearing Optimization_D0_D9 CM	ATAC-seq	AVD_113 - AVD_122		http://epigenomics.sdsc.edu:8088/Set_80/3f1b62ae9fd856e5faa5c7de132a526d//setQC_report.html	Set_80	ZC	2018-03-16 23:23:47	555edcc	AVD_121 facing a bug; not included temperarily
2018-03-16	AVD	ENCODE tissue QC	ATAC-seq	AVD_123, AVD_124		http://epigenomics.sdsc.edu:8088/Set_81/754911c220737abc0dbb145ee607ecf5//setQC_report.html	Set_81	ZC	2018-03-16 21:39:38	555edcc	corrected results
2018-03-16	AVD	SRC_Cortex (+/-) RNase trt	ATAC-seq	SRC_1625, SRC_1626		http://epigenomics.sdsc.edu:8088/Set_82/e02ad2a6a0ac372aa70028b3f1307a98//setQC_report.html	Set_82	ZC	2018-03-16 16:29:16	555edcc	
2018-03-16	RM	Homogenized Tissue (TIF) Quality Test	ATAC-seq	RMM_22-27		http://epigenomics.sdsc.edu:8088/Set_83/4ff06a7c31a9affa8c1f16bf199ecabf//setQC_report.html	Set_83	ZC	2018-04-02 16:16:54	4a9b1cb	
2018-03-23	AVD	Chi_Shearing Optimization_D0_D3_D9 CM	ATAC-seq	AVD_113 - AVD_122, AVD_131 - AVD_134	Summary QC including new libraries	http://epigenomics.sdsc.edu:8088//Set_84/288be1e58edfddaf6a44c4a95662bb54/setQC_report.html	Set_84	ZC	2018-04-03 12:56:16	f1fb597	AVD_121 facing a bug; not included temperarily
2018-03-23	AVD	JAX NesCre - New Tissue 1 - ATAC w sort	ATAC-seq	AVD_125 - AVD_130		http://epigenomics.sdsc.edu:8088/Set_85/bd357b91dbc86bc90f8a27df543ecc1e//setQC_report.html	Set_85	ZC	2018-04-04 12:24:44	9f2d295	
2018-03-23	AVD	K562_Input Test for Reproducibility	ATAC-seq	AVD_135 - AVD_142		http://epigenomics.sdsc.edu:8088/Set_86/eca4fb4bc41e935ec5d42c17a34c8541//setQC_report.html	Set_86	ZC	2018-04-03 13:53:50	9f2d295	
2018-03-28	JYH	AN15506	ATAC-seq	XW_71,JYH_166	Hippocampus;On Ren Lab Server	http://epigenomics.sdsc.edu:8088/Set_87/5da852eb5fb7dcb6316e496f9d7964be//setQC_report.html	Set_87	ZC	2018-04-23 0:28:54	5564cfd	
2018-04-02	DUG	Sora_Input_resting_RNase_v2	ATAC-seq	SRC1639-46	Sora ChIP-seq input	http://epigenomics.sdsc.edu:8088/Set_88/b720858e798dc083c01c0beebc0b59bf//setQC_report.html	Set_88	ZC	2018-04-04 10:18:31	9f2d295	http://epigenomics.sdsc.edu/zhc268/2018-04-04_sora_RNase_v2/
2018-04-09	JYH	Our vs Omni	ATAC-seq	JYH_320 - 323		http://epigenomics.sdsc.edu:8088/Set_90/a9dceca52a373b39cc5fe682aeb5f9b1//setQC_report.html	Set_90	ZC	2018-04-17 10:00:34	9f2d295	
2018-04-09	JYH	Neil Chi heart	ATAC-seq	JYH_316 - 319		http://epigenomics.sdsc.edu:8088/Set_91/20602d8767ff076fe4eb84dea47fa2ba//setQC_report.html	Set_91	ZC	2018-04-17 10:10:39	9f2d295	
2018-04-09	JYH	Mouse tissue_3week_ground	ATAC-seq	JYH_381 - 386		http://epigenomics.sdsc.edu:8088/Set_92/3a67d27ce3125129bc0c674b6298dc3a//setQC_report.html	Set_92	ZC	2018-04-17 10:16:33	9f2d295	
2018-04-09	JYH	Biomek_13th	ATAC-seq	JYH_324 - 331		http://epigenomics.sdsc.edu:8088/Set_93/3fa67945be494e9d965cb204b418e056//setQC_report.html	Set_93	ZC	2018-04-17 10:22:46	9f2d295	
2018-04-17	JYH	Biomek_14th	ATAC-seq	JYH_332 - 363		http://epigenomics.sdsc.edu:8088/Set_94/e8f202e4fcbb4f6c5e9d670ba31fa51c//setQC_report.html	Set_94	ZC	2018-04-18 9:21:25	9f2d295	
2018-04-17	JYH	Pfizer	ATAC-seq	JYH_364 - 374		http://epigenomics.sdsc.edu:8088/Set_95/fcade20f39fa2ef5b922ffeb89920cec//setQC_report.html	Set_95	ZC	2018-04-18 9:13:00	9f2d295	
2018-04-18	DUG	Sora_DG_ChIP-seq_mouse_liver	ChIP-seq	SRC_1647-1654		http://epigenomics.sdsc.edu:8088/Set_96/0f307650a4d9fa7bfb0e42da23a8d1bb//setQC_report_chip.html	Set_96	ZC	2018-04-26 13:51:23	0c96e96	
2018-04-23	RM	Kevin Peterson Jax ATAC-Seq	ATAC-seq	RM_35-47		http://epigenomics.sdsc.edu:8088/Set_97/63e626e736345866a683f64092b96cbd//setQC_report.html	Set_97	ZC	2018-04-26 15:14:50	17b1e81	
2017-11-07	Other (please explain in notes)	chu_mmus	ATAC-seq		sswanson@morgridge.org	http://epigenomics.sdsc.edu:8084/2017-10-25-sswangson_morgridge/b031b4e0edae5430246e4c8b28e97c25/chu_mmus/setQC_report_any.html	Set_24				
2017-11-07	Other (please explain in notes)	chu_hsap	ATAC-seq		sswanson@morgridge.org	http://epigenomics.sdsc.edu:8084/2017-10-25-sswangson_morgridge/07e71bc01fec2c53bdc3776d8ada29cc/chu_hsap/setQC_report_any.html	Set_25				
2017-11-07	Other (please explain in notes)	Zhang	ATAC-seq		sswanson@morgridge.org	http://epigenomics.sdsc.edu:8084/2017-10-25-sswangson_morgridge/52c2bd49a5db1488681abf0a3d887629/zhang/setQC_report_any.html	Set_26				
2/5/18	DUG	DG_SRC_ChIP-seq_ENCODE	ATAC-seq	SRC1576,SRC1577,SRC1578,SRC1579,SRC1580,SRC1581,SRC1582,SRC1583,SRC1584,SRC1585,SRC1586,SRC1587,SRC1588,SRC1589,SRC1590,SRC1591,SRC1592	ChIP-seq data (ATAC pipeline OK) - files on tscc	http://epigenomics.sdsc.edu:8088/Set_51/623ee71c0d421ca9bfd2ed7ee6da9b47//setQC_report.html	Set_51	ZC	2018-02-06 9:26:29	0ac201f	
6/25/2018	RM	Fast 4C 19240 V1	Fast 4C	RMM_83, RMM_84		http://epigenomics.sdsc.edu/zhc268/rmm_4C_180615/	Set_135				Updated fastq
8/4/2018	RM	V2 4C 19240	Other (please explain in notes)	RMM_85	Fast 4C V2 RS6962075	http://epigenomics.sdsc.edu/zhc268/rmm_4C_180803/	Set_156
8/28/2018	RM	V2 4C 19240 (Ch12)	Other (please explain in notes)	RMM_86	Fast 4C V2 Ch12	http://epigenomics.sdsc.edu/zhc268/rmm_hic_180904/	Set_164	
9/27/2018	RM	Bulk 4C multiple primer sets	4C	RMM_91-99		/projects/ps-epigen/nextSeq/180927_NB501692_0057_AH7YKWAFXY/Data/Fastqs	Set_181	
10/23/2018	ZC	Evans_snATAC_run1	ATAC-seq	JYH_781-782		http://epigenomics.sdsc.edu:8088/Set_185/9c88b7da24080d3892ccf85cbcdb40de//setQC_report.html	Set_185	ZC	2018-10-24 8:26:09	1b8a375	
11/13/2018	ZC	Evans_snATAC_run1_2	ATAC-seq	JYH_781-783	evans_veh_1_2 is just 2nd run of veh sample, not a merge	http://epigenomics.sdsc.edu:8088/Set_193/251d8987f96697029cf60dabd56e4754//setQC_report.html	Set_193	ZC	2018-11-14 12:13:39	ee3b13d	
